1;"TOUR60"
2;"TOUR59"
3;"TOUR58"
4;"TOUR57"
5;"TOUR56"
6;"TOUR55"
7;"TOUR54"
8;"TOUR53"
9;"TOUR52"
10;"TOUR51"
11;"TOUR50"
12;"TOUR49"
13;"TOUR48"
14;"TOUR47"
15;"TOUR46"
16;"TOUR45"
17;"TOUR44"
18;"TOUR43"
19;"TOUR42"
20;"TOUR41"
21;"TOUR40"
22;"TOUR39"
23;"TOUR38"
24;"TOUR37"
25;"TOUR36"
26;"TOUR35"
27;"TOUR34"
28;"TOUR33"
29;"TOUR32"
30;"TOUR31"
31;"TOUR30"
32;"TOUR29"
33;"TOUR28"
34;"TOUR27"
35;"TOUR26"
36;"TOUR25"
37;"TOUR24"
38;"TOUR23"
39;"TOUR22"
40;"TOUR21"
41;"TOUR20"
42;"TOUR19"
43;"TOUR17"
44;"TOUR08"
45;"TOUR07"
46;"ro8"
47;"ro7"
48;"ro6"
49;"ro5"
50;"ro4"
51;"ro3"
52;"ro2"
53;"ro1"
54;"Sound"
55;"blank"
56;"Sound"
57;"Sound"
57;"Sound"
57;"Sound"
57;"Sound"
57;"Sound"
57;"Sound"
57;"Sound"
57;"Sound"
57;"Sound"
57;"Sound"
57;"Sound"
57;"Sound"
57;"Sound"
57;"Sound"
57;"Sound"
57;"Sound"
57;"Sound"
57;"Sound"
57;"Sound"
57;"Sound"
57;"Sound"
57;"Sound"
57;"Sound"
57;"Sound"
57;"Sound"
57;"Sound"
57;"Sound"
57;"Sound"
57;"Sound"
57;"Sound"
57;"Sound"
57;"Sound"
57;"Sound"
57;"Sound"
57;"Sound"
57;"Sound"
57;"Sound"
57;"Sound"
57;"Sound"
57;"Sound"
57;"Sound"
57;"Sound"
57;"Sound"
57;"Sound"
57;"Sound"
57;"Sound"
57;"Sound"
57;"Sound"
57;"Sound"
57;"Sound"
57;"Sound"
57;"Sound"
57;"Sound"
57;"Sound"
57;"Sound"
57;"Sound"
57;"Sound"
56;"Sound"
57;"Sound"
56;"Sound"
57;"Sound"
57;"Sound"
57;"Sound"
57;"Sound"
57;"Sound"
57;"Sound"
